"Acronym","Term","Definition","Tags","Misc"
"API","Application Programming Interface","A set of functions and protocols for building software applications","['Software Development']","['example.com','contact@gmail.com']"
"CPU","Central Processing Unit","The primary component of a computer that performs calculations","['Computing']","['example.com','contact@gmail.com']"
"RAM","Random Access Memory","Temporary memory used by computers to store data for quick access","['Computing']","['example.com','contact@gmail.com']"
"HTML","HyperText Markup Language","Standard language for creating web pages","['Web Development']","['example.com','contact@gmail.com']"
"CSS","Cascading Style Sheets","Language used to style HTML documents","['Web Development']","['example.com','contact@gmail.com']"
"SQL","Structured Query Language","Language for managing and querying databases","['Databases']","['example.com','contact@gmail.com']"
"JSON","JavaScript Object Notation","Lightweight data-interchange format","['Data Exchange']","['example.com','contact@gmail.com']"
"XML","eXtensible Markup Language","Markup language for encoding documents","['Data Exchange']","['example.com','contact@gmail.com']"
"IDE","Integrated Development Environment","Software for writing and testing code","['Software Development']","['example.com','contact@gmail.com']"
"OOP","Object-Oriented Programming","Programming paradigm based on objects","['Software Development']","['example.com','contact@gmail.com']"
"AI","Artificial Intelligence","The simulation of human intelligence in machines","['Software Development','Data Science']","['example.com','contact@gmail.com']"
"AI","Adobe Illustrator","A vector graphics editor developed by Adobe","['Design','Software']","['example.com','contact@gmail.com']"
"ML","Machine Learning","A subset of AI focused on algorithms that improve automatically through experience","['Data Science']","['example.com','contact@gmail.com']"
"ML","Markup Language","A system for annotating a document in a way that is syntactically distinguishable from the text","['Web Development']","['example.com','contact@gmail.com']"
"DB","Database","An organized collection of data, generally stored and accessed electronically","['Databases']","['example.com','contact@gmail.com']"
"DB","Decibel","A unit used to measure the intensity of a sound","['Audio','Physics']","['example.com','contact@gmail.com']"
"URL","Uniform Resource Locator","The address of a resource on the internet","['Web Development']","['example.com','contact@gmail.com']"
"HTTP","HyperText Transfer Protocol","Protocol for transferring hypertext requests and information on the internet","['Web Development']","['example.com','contact@gmail.com']"
"HTTPS","HyperText Transfer Protocol Secure","Secure version of HTTP protocol","['Web Development','Security']","['example.com','contact@gmail.com']"
"FTP","File Transfer Protocol","Protocol for transferring files over a network","['Networking']","['example.com','contact@gmail.com']"
"DNS","Domain Name System","System that translates domain names to IP addresses","['Networking']","['example.com','contact@gmail.com']"
"IP","Internet Protocol","Protocol for routing data packets across networks","['Networking']","['example.com','contact@gmail.com']"
"IP","Intellectual Property","Legal rights over creations of the mind","['Legal','Business']","['example.com','contact@gmail.com']"
"TCP","Transmission Control Protocol","Protocol for reliable data transmission","['Networking']","['example.com','contact@gmail.com']"
"UDP","User Datagram Protocol","Protocol for fast but unreliable data transmission","['Networking']","['example.com','contact@gmail.com']"
"OS","Operating System","Software that manages computer hardware and software resources","['Computing']","['example.com','contact@gmail.com']"
"OS","Open Source","Software with publicly available source code","['Software Development']","['example.com','contact@gmail.com']"
"OS","Out of Stock","Item temporarily unavailable for purchase","['Business','Retail']","['example.com','contact@gmail.com']"
"UI","User Interface","The means by which users interact with software","['Software Development','Design']","['example.com','contact@gmail.com']"
"UX","User Experience","Overall experience of using a product or service","['Design']","['example.com','contact@gmail.com']"
"GUI","Graphical User Interface","Visual interface for interacting with software","['Software Development']","['example.com','contact@gmail.com']"
"CLI","Command Line Interface","Text-based interface for interacting with software","['Software Development']","['example.com','contact@gmail.com']"
"REST","Representational State Transfer","Architectural style for web services","['Web Development']","['example.com','contact@gmail.com']"
"SOAP","Simple Object Access Protocol","Protocol for exchanging structured information","['Web Development']","['example.com','contact@gmail.com']"
"AJAX","Asynchronous JavaScript and XML","Technique for creating dynamic web pages","['Web Development']","['example.com','contact@gmail.com']"
"DOM","Document Object Model","Programming interface for HTML and XML documents","['Web Development']","['example.com','contact@gmail.com']"
"CRUD","Create, Read, Update, Delete","Basic operations for data management","['Software Development','Databases']","['example.com','contact@gmail.com']"
"MVC","Model-View-Controller","Software architectural pattern","['Software Development']","['example.com','contact@gmail.com']"
"MVP","Model-View-Presenter","Software architectural pattern","['Software Development']","['example.com','contact@gmail.com']"
"MVP","Minimum Viable Product","Product with minimum features to satisfy early customers","['Business','Product Management']","['example.com','contact@gmail.com']"
"MVP","Most Valuable Player","Outstanding performer in a team or competition","['Sports','Business']","['example.com','contact@gmail.com']"
"SaaS","Software as a Service","Software delivery model via the internet","['Business','Cloud Computing']","['example.com','contact@gmail.com']"
"PaaS","Platform as a Service","Cloud computing service model","['Cloud Computing']","['example.com','contact@gmail.com']"
"IaaS","Infrastructure as a Service","Cloud computing service model","['Cloud Computing']","['example.com','contact@gmail.com']"
"AWS","Amazon Web Services","Cloud computing platform by Amazon","['Cloud Computing']","['example.com','contact@gmail.com']"
"GCP","Google Cloud Platform","Cloud computing services by Google","['Cloud Computing']","['example.com','contact@gmail.com']"
"CDN","Content Delivery Network","Distributed network for delivering content","['Web Development','Networking']","['example.com','contact@gmail.com']"
"SSL","Secure Sockets Layer","Cryptographic protocol for secure communication","['Security','Networking']","['example.com','contact@gmail.com']"
"TLS","Transport Layer Security","Cryptographic protocol successor to SSL","['Security','Networking']","['example.com','contact@gmail.com']"
"VPN","Virtual Private Network","Secure connection over public networks","['Security','Networking']","['example.com','contact@gmail.com']"
"SSH","Secure Shell","Protocol for secure remote access","['Security','Networking']","['example.com','contact@gmail.com']"
"JWT","JSON Web Token","Compact token format for secure information transmission","['Security','Web Development']","['example.com','contact@gmail.com']"
"OAuth","Open Authorization","Authorization framework for secure API access","['Security','Web Development']","['example.com','contact@gmail.com']"
"2FA","Two-Factor Authentication","Security process requiring two forms of identification","['Security']","['example.com','contact@gmail.com']"
"MFA","Multi-Factor Authentication","Security process requiring multiple forms of identification","['Security']","['example.com','contact@gmail.com']"
"GDPR","General Data Protection Regulation","EU regulation on data protection and privacy","['Legal','Privacy']","['example.com','contact@gmail.com']"
"CCPA","California Consumer Privacy Act","California privacy law for consumer data protection","['Legal','Privacy']","['example.com','contact@gmail.com']"
"NoSQL","Not Only SQL","Database management systems that are not purely relational","['Databases']","['example.com','contact@gmail.com']"
"RDBMS","Relational Database Management System","Database management system based on relational model","['Databases']","['example.com','contact@gmail.com']"
"ACID","Atomicity, Consistency, Isolation, Durability","Properties of database transactions","['Databases']","['example.com','contact@gmail.com']"
"ETL","Extract, Transform, Load","Process for data warehousing","['Data Science','Databases']","['example.com','contact@gmail.com']"
"BI","Business Intelligence","Technologies for analyzing business information","['Business','Data Science']","['example.com','contact@gmail.com']"
"KPI","Key Performance Indicator","Metric used to evaluate success","['Business']","['example.com','contact@gmail.com']"
"ROI","Return on Investment","Measure of investment efficiency","['Business','Finance']","['example.com','contact@gmail.com']"
"CRM","Customer Relationship Management","System for managing customer interactions","['Business']","['example.com','contact@gmail.com']"
"ERP","Enterprise Resource Planning","Business process management software","['Business']","['example.com','contact@gmail.com']"
"HR","Human Resources","Department managing employee relations","['Business']","['example.com','contact@gmail.com']"
"PR","Public Relations","Practice of managing public perception","['Business','Marketing']","['example.com','contact@gmail.com']"
"PR","Pull Request","Method for submitting code changes","['Software Development']","['example.com','contact@gmail.com']"
"SEO","Search Engine Optimization","Practice of improving search engine rankings","['Marketing','Web Development']","['example.com','contact@gmail.com']"
"SEM","Search Engine Marketing","Marketing strategy using search engines","['Marketing']","['example.com','contact@gmail.com']"
"CPC","Cost Per Click","Online advertising pricing model","['Marketing','Advertising']","['example.com','contact@gmail.com']"
"CPM","Cost Per Mille","Advertising pricing model per thousand impressions","['Marketing','Advertising']","['example.com','contact@gmail.com']"
"CTR","Click-Through Rate","Ratio of clicks to impressions in advertising","['Marketing','Analytics']","['example.com','contact@gmail.com']"
"GA","Google Analytics","Web analytics service by Google","['Analytics','Marketing']","['example.com','contact@gmail.com']"
"CMS","Content Management System","Software for creating and managing digital content","['Web Development']","['example.com','contact@gmail.com']"
"LMS","Learning Management System","Software for educational content delivery","['Education']","['example.com','contact@gmail.com']"
"CRM","Customer Relationship Management","System for managing customer interactions","['Business']","['example.com','contact@gmail.com']"
"SCM","Supply Chain Management","Management of flow of goods and services","['Business','Operations']","['example.com','contact@gmail.com']"
"SCM","Source Code Management","System for tracking code changes","['Software Development']","['example.com','contact@gmail.com']"
"VCS","Version Control System","System for tracking file changes over time","['Software Development']","['example.com','contact@gmail.com']"
"CI","Continuous Integration","Practice of frequently integrating code changes","['Software Development']","['example.com','contact@gmail.com']"
"CD","Continuous Deployment","Practice of automatically deploying code changes","['Software Development']","['example.com','contact@gmail.com']"
"CD","Compact Disc","Optical disc for digital data storage","['Technology','Media']","['example.com','contact@gmail.com']"
"DVD","Digital Versatile Disc","Optical disc storage format","['Technology','Media']","['example.com','contact@gmail.com']"
"SSD","Solid State Drive","Data storage device using integrated circuits","['Computing','Hardware']","['example.com','contact@gmail.com']"
"HDD","Hard Disk Drive","Data storage device using magnetic storage","['Computing','Hardware']","['example.com','contact@gmail.com']"
"GPU","Graphics Processing Unit","Specialized processor for graphics rendering","['Computing','Hardware']","['example.com','contact@gmail.com']"
"PSU","Power Supply Unit","Component that supplies power to computer","['Computing','Hardware']","['example.com','contact@gmail.com']"
"RGB","Red, Green, Blue","Color model for digital displays","['Graphics','Design']","['example.com','contact@gmail.com']"
"CMYK","Cyan, Magenta, Yellow, Key","Color model for printing","['Graphics','Design','Printing']","['example.com','contact@gmail.com']"
"DPI","Dots Per Inch","Measure of print or display resolution","['Graphics','Printing']","['example.com','contact@gmail.com']"
"PPI","Pixels Per Inch","Measure of display pixel density","['Graphics','Display']","['example.com','contact@gmail.com']"
"4K","Ultra High Definition","Video resolution of approximately 4000 pixels","['Video','Display']","['example.com','contact@gmail.com']"
"HD","High Definition","Video resolution standard","['Video','Display']","['example.com','contact@gmail.com']"
"FHD","Full High Definition","1080p video resolution standard","['Video','Display']","['example.com','contact@gmail.com']"
"UHD","Ultra High Definition","4K video resolution standard","['Video','Display']","['example.com','contact@gmail.com']"
"IoT","Internet of Things","Network of interconnected physical devices","['Technology','Networking']","['example.com','contact@gmail.com']"
"AR","Augmented Reality","Technology overlaying digital content on real world","['Technology']","['example.com','contact@gmail.com']"
"VR","Virtual Reality","Technology creating immersive digital environments","['Technology']","['example.com','contact@gmail.com']"
"MR","Mixed Reality","Technology combining real and virtual worlds","['Technology']","['example.com','contact@gmail.com']"
"XR","Extended Reality","Umbrella term for AR, VR, and MR technologies","['Technology']","['example.com','contact@gmail.com']"
"NFC","Near Field Communication","Short-range wireless communication technology","['Technology','Networking']","['example.com','contact@gmail.com']"
"RFID","Radio Frequency Identification","Technology using radio waves for identification","['Technology']","['example.com','contact@gmail.com']"
"GPS","Global Positioning System","Satellite-based navigation system","['Technology','Navigation']","['example.com','contact@gmail.com']"
"QR","Quick Response","Type of matrix barcode","['Technology']","['example.com','contact@gmail.com']"
"OCR","Optical Character Recognition","Technology for converting images to text","['Technology','AI']","['example.com','contact@gmail.com']"
"NLP","Natural Language Processing","AI field focused on language understanding","['AI','Data Science']","['example.com','contact@gmail.com']"
"CV","Computer Vision","AI field focused on visual understanding","['AI','Data Science']","['example.com','contact@gmail.com']"
"CV","Curriculum Vitae","Document summarizing qualifications and experience","['Business','HR']","['example.com','contact@gmail.com']"
"CNN","Convolutional Neural Network","Deep learning architecture for image processing","['AI','Machine Learning']","['example.com','contact@gmail.com']"
"RNN","Recurrent Neural Network","Neural network architecture for sequential data","['AI','Machine Learning']","['example.com','contact@gmail.com']"
"GAN","Generative Adversarial Network","AI architecture with competing networks","['AI','Machine Learning']","['example.com','contact@gmail.com']"
"RL","Reinforcement Learning","Machine learning through reward-based training","['AI','Machine Learning']","['example.com','contact@gmail.com']"
"DL","Deep Learning","Machine learning using deep neural networks","['AI','Machine Learning']","['example.com','contact@gmail.com']"
"SVM","Support Vector Machine","Machine learning algorithm for classification","['AI','Machine Learning']","['example.com','contact@gmail.com']"
"KNN","K-Nearest Neighbors","Machine learning algorithm for classification","['AI','Machine Learning']","['example.com','contact@gmail.com']"
"PCA","Principal Component Analysis","Dimensionality reduction technique","['Data Science','Statistics']","['example.com','contact@gmail.com']"
"LDA","Linear Discriminant Analysis","Statistical method for classification","['Data Science','Statistics']","['example.com','contact@gmail.com']"
"EDA","Exploratory Data Analysis","Statistical approach to analyzing datasets","['Data Science','Statistics']","['example.com','contact@gmail.com']"
"RMSE","Root Mean Square Error","Measure of prediction accuracy","['Data Science','Statistics']","['example.com','contact@gmail.com']"
"MAE","Mean Absolute Error","Measure of prediction accuracy","['Data Science','Statistics']","['example.com','contact@gmail.com']"
"MSE","Mean Squared Error","Measure of prediction accuracy","['Data Science','Statistics']","['example.com','contact@gmail.com']"
"R2","R-squared","Statistical measure of model fit","['Data Science','Statistics']","['example.com','contact@gmail.com']"
"AUC","Area Under Curve","Measure of binary classification performance","['Data Science','Machine Learning']","['example.com','contact@gmail.com']"
"ROC","Receiver Operating Characteristic","Graph showing classification performance","['Data Science','Machine Learning']","['example.com','contact@gmail.com']"
"SLA","Service Level Agreement","Contract defining expected service standards","['Business']","['example.com','contact@gmail.com']"
"KPI","Key Performance Indicator","Metric used to evaluate success","['Business']","['example.com','contact@gmail.com']"
"OKR","Objectives and Key Results","Goal-setting framework","['Business','Management']","['example.com','contact@gmail.com']"
"P2P","Peer-to-Peer","Decentralized network architecture","['Networking']","['example.com','contact@gmail.com']"
"B2B","Business-to-Business","Commerce between businesses","['Business']","['example.com','contact@gmail.com']"
"B2C","Business-to-Consumer","Commerce between business and consumer","['Business']","['example.com','contact@gmail.com']"
"C2C","Consumer-to-Consumer","Commerce between consumers","['Business']","['example.com','contact@gmail.com']"
"FAQ","Frequently Asked Questions","List of common questions and answers","['Documentation']","['example.com','contact@gmail.com']"
"TOS","Terms of Service","Legal agreement for service usage","['Legal']","['example.com','contact@gmail.com']"
"NDA","Non-Disclosure Agreement","Legal contract for confidentiality","['Legal','Business']","['example.com','contact@gmail.com']"
"SOP","Standard Operating Procedure","Step-by-step instructions for routine tasks","['Business','Operations']","['example.com','contact@gmail.com']"
"QA","Quality Assurance","Process of ensuring product quality","['Business','Software Development']","['example.com','contact@gmail.com']"
"QC","Quality Control","Process of checking product quality","['Business','Manufacturing']","['example.com','contact@gmail.com']"
"RFP","Request for Proposal","Document soliciting business proposals","['Business']","['example.com','contact@gmail.com']"
"RFQ","Request for Quote","Document soliciting price quotes","['Business']","['example.com','contact@gmail.com']"
"POC","Proof of Concept","Demonstration of feasibility","['Business','Software Development']","['example.com','contact@gmail.com']"
"POC","Point of Contact","Person designated for communication","['Business']","['example.com','contact@gmail.com']"
"SME","Subject Matter Expert","Person with expertise in specific area","['Business']","['example.com','contact@gmail.com']"
"SMB","Small and Medium Business","Business category by size","['Business']","['example.com','contact@gmail.com']"
"CEO","Chief Executive Officer","Top executive of organization","['Business','Leadership']","['example.com','contact@gmail.com']"
"CTO","Chief Technology Officer","Executive responsible for technology","['Business','Technology']","['example.com','contact@gmail.com']"
"CFO","Chief Financial Officer","Executive responsible for finances","['Business','Finance']","['example.com','contact@gmail.com']"
"COO","Chief Operating Officer","Executive responsible for operations","['Business','Operations']","['example.com','contact@gmail.com']"
"CMO","Chief Marketing Officer","Executive responsible for marketing","['Business','Marketing']","['example.com','contact@gmail.com']"
"CISO","Chief Information Security Officer","Executive responsible for security","['Business','Security']","['example.com','contact@gmail.com']"
"VP","Vice President","Senior executive position","['Business','Leadership']","['example.com','contact@gmail.com']"
"GM","General Manager","Manager of business unit","['Business','Management']","['example.com','contact@gmail.com']"
"PM","Project Manager","Person managing projects","['Business','Management']","['example.com','contact@gmail.com']"
"PM","Product Manager","Person managing products","['Business','Product Management']","['example.com','contact@gmail.com']"
"PM","Private Message","Personal communication message","['Communication']","['example.com','contact@gmail.com']"
"DM","Direct Message","Private message on social platforms","['Communication','Social Media']","['example.com','contact@gmail.com']"
"DM","Data Mining","Process of discovering patterns in data","['Data Science']","['example.com','contact@gmail.com']"
"BD","Business Development","Activities to grow business","['Business']","['example.com','contact@gmail.com']"
"R&D","Research and Development","Activities to develop new products","['Business','Innovation']","['example.com','contact@gmail.com']"
"IT","Information Technology","Use of computers and telecommunications","['Technology']","['example.com','contact@gmail.com']"
"IS","Information Systems","Combination of hardware, software, and networks","['Technology']","['example.com','contact@gmail.com']"
"MIS","Management Information Systems","Systems providing information for decision making","['Technology','Business']","['example.com','contact@gmail.com']"
"EIS","Executive Information System","Information system for executives","['Technology','Business']","['example.com','contact@gmail.com']"
"DSS","Decision Support System","Information system supporting decision making","['Technology','Business']","['example.com','contact@gmail.com']"
"ES","Expert System","AI system that emulates expert decision-making","['AI','Technology']","['example.com','contact@gmail.com']"
"BPM","Business Process Management","Approach to improving business processes","['Business','Operations']","['example.com','contact@gmail.com']"
"BPR","Business Process Reengineering","Radical redesign of business processes","['Business','Operations']","['example.com','contact@gmail.com']"
"TQ","Total Quality","Management approach focused on quality","['Business','Quality']","['example.com','contact@gmail.com']"
"TQM","Total Quality Management","Management approach focused on continuous improvement","['Business','Quality']","['example.com','contact@gmail.com']"
"JIT","Just In Time","Production strategy to reduce inventory","['Manufacturing','Operations']","['example.com','contact@gmail.com']"
"ERP","Enterprise Resource Planning","Business process management software","['Business','Software']","['example.com','contact@gmail.com']"
"CRM","Customer Relationship Management","System for managing customer interactions","['Business','Software']","['example.com','contact@gmail.com']"
"SCM","Supply Chain Management","Management of flow of goods and services","['Business','Operations']","['example.com','contact@gmail.com']"
"WMS","Warehouse Management System","Software for managing warehouse operations","['Business','Operations']","['example.com','contact@gmail.com']"
"POS","Point of Sale","Location where transaction occurs","['Business','Retail']","['example.com','contact@gmail.com']"
"EDI","Electronic Data Interchange","Electronic exchange of business documents","['Business','Technology']","['example.com','contact@gmail.com']"
"E-commerce","Electronic Commerce","Buying and selling goods online","['Business','Technology']","['example.com','contact@gmail.com']"
"M-commerce","Mobile Commerce","Commercial transactions via mobile devices","['Business','Technology']","['example.com','contact@gmail.com']"
"SEM","Search Engine Marketing","Marketing strategy using search engines","['Marketing','Digital']","['example.com','contact@gmail.com']"
"PPC","Pay-Per-Click","Online advertising payment model","['Marketing','Advertising']","['example.com','contact@gmail.com']"
"CPA","Cost Per Acquisition","Marketing metric for customer acquisition cost","['Marketing']","['example.com','contact@gmail.com']"
"LTV","Lifetime Value","Predicted revenue from customer relationship","['Marketing','Business']","['example.com','contact@gmail.com']"
"CAC","Customer Acquisition Cost","Cost to acquire new customer","['Marketing','Business']","['example.com','contact@gmail.com']"
"ARPU","Average Revenue Per User","Revenue metric per user","['Business','Analytics']","['example.com','contact@gmail.com']"
"ARPPU","Average Revenue Per Paying User","Revenue metric per paying user","['Business','Analytics']","['example.com','contact@gmail.com']"
"DAU","Daily Active Users","Number of unique users per day","['Analytics','Business']","['example.com','contact@gmail.com']"
"MAU","Monthly Active Users","Number of unique users per month","['Analytics','Business']","['example.com','contact@gmail.com']"
"WAU","Weekly Active Users","Number of unique users per week","['Analytics','Business']","['example.com','contact@gmail.com']"
"UTM","Urchin Tracking Module","URL parameters for tracking campaigns","['Marketing','Analytics']","['example.com','contact@gmail.com']"
"A/B","A/B Testing","Method of comparing two versions","['Analytics','Testing']","['example.com','contact@gmail.com']"
"UGC","User-Generated Content","Content created by users","['Marketing','Social Media']","['example.com','contact@gmail.com']"
"PR","Public Relations","Practice of managing public perception","['Marketing','Business']","['example.com','contact@gmail.com']"
"CSR","Corporate Social Responsibility","Business approach contributing to sustainable development","['Business','Ethics']","['example.com','contact@gmail.com']"
"ESG","Environmental, Social, and Governance","Criteria for sustainable investing","['Business','Finance']","['example.com','contact@gmail.com']"
"IPO","Initial Public Offering","First sale of company stock to public","['Finance','Business']","['example.com','contact@gmail.com']"
"VC","Venture Capital","Financing for startups and small businesses","['Finance','Business']","['example.com','contact@gmail.com']"
"PE","Private Equity","Investment in private companies","['Finance','Business']","['example.com','contact@gmail.com']"
"M&A","Mergers and Acquisitions","Consolidation of companies","['Finance','Business']","['example.com','contact@gmail.com']"
"EBITDA","Earnings Before Interest, Taxes, Depreciation, and Amortization","Financial performance measure","['Finance','Business']","['example.com','contact@gmail.com']"
"P&L","Profit and Loss","Financial statement showing revenues and expenses","['Finance','Business']","['example.com','contact@gmail.com']"
"GAAP","Generally Accepted Accounting Principles","Standard accounting practices","['Finance','Accounting']","['example.com','contact@gmail.com']"
"SEC","Securities and Exchange Commission","US federal agency regulating securities","['Finance','Legal']","['example.com','contact@gmail.com']"
"SOX","Sarbanes-Oxley Act","US law regulating corporate accountability","['Finance','Legal']","['example.com','contact@gmail.com']"
"PCAOB","Public Company Accounting Oversight Board","Organization overseeing audits","['Finance','Legal']","['example.com','contact@gmail.com']"
"AQP","Auto Quote Purchase","State Farm's Java Springboot application for agents to file new auto quotes","['Auto','Policy','Quote']","['Team: Quote Busters','s.f/aqp']"
"SIC","Service Integration Clients","Helps delegate classes communicate w/ remote SOAP and REST services.","['AWS', 'Migration']","['Creator: Tim Tye', 'Team: Quote Busters']
"FASB","Financial Accounting Standards Board","Organization setting accounting standards","['Finance','Accounting']","['example.com','contact@gmail.com']"
"EC2","Elastic Compute Cloud","Scalable virtual servers in the AWS cloud","['AWS','Cloud Computing','Compute']","['example.com','contact@gmail.com']"
"S3","Simple Storage Service","Scalable object storage service by AWS","['AWS','Cloud Computing','Storage']","['example.com','contact@gmail.com']"
"RDS","Relational Database Service","Managed relational database service by AWS","['AWS','Cloud Computing','Database']","['example.com','contact@gmail.com']"
"DynamoDB","Dynamo Database","Managed NoSQL database service by AWS","['AWS','Cloud Computing','Database']","['example.com','contact@gmail.com']"
"Lambda","AWS Lambda","Serverless compute service by AWS","['AWS','Cloud Computing','Serverless']","['example.com','contact@gmail.com']"
"ECS","Elastic Container Service","Container orchestration service by AWS","['AWS','Cloud Computing','Containers']","['example.com','contact@gmail.com']"
"EKS","Elastic Kubernetes Service","Managed Kubernetes service by AWS","['AWS','Cloud Computing','Containers']","['example.com','contact@gmail.com']"
"Fargate","AWS Fargate","Serverless compute engine for containers","['AWS','Cloud Computing','Containers']","['example.com','contact@gmail.com']"
"CloudFront","Amazon CloudFront","Content delivery network by AWS","['AWS','Cloud Computing','CDN']","['example.com','contact@gmail.com']"
"Route 53","Amazon Route 53","Scalable DNS and domain registration service","['AWS','Cloud Computing','Networking']","['example.com','contact@gmail.com']"
"VPC","Virtual Private Cloud","Isolated cloud resources in AWS","['AWS','Cloud Computing','Networking']","['example.com','contact@gmail.com']"
"IAM","Identity and Access Management","Access control and identity management for AWS","['AWS','Cloud Computing','Security']","['example.com','contact@gmail.com']"
"CloudWatch","Amazon CloudWatch","Monitoring and observability service by AWS","['AWS','Cloud Computing','Monitoring']","['example.com','contact@gmail.com']"
"CloudTrail","AWS CloudTrail","Service for logging AWS API calls","['AWS','Cloud Computing','Monitoring']","['example.com','contact@gmail.com']"
"Redshift","Amazon Redshift","Managed data warehouse service by AWS","['AWS','Cloud Computing','Database']","['example.com','contact@gmail.com']"
"EMR","Elastic MapReduce","Big data processing service by AWS","['AWS','Cloud Computing','Big Data']","['example.com','contact@gmail.com']"
"Glue","AWS Glue","Serverless data integration service by AWS","['AWS','Cloud Computing','Big Data']","['example.com','contact@gmail.com']"
"Kinesis","Amazon Kinesis","Real-time data streaming service by AWS","['AWS','Cloud Computing','Big Data']","['example.com','contact@gmail.com']"
"MSK","Managed Streaming for Kafka","Managed Apache Kafka service by AWS","['AWS','Cloud Computing','Big Data']","['example.com','contact@gmail.com']"
"SNS","Simple Notification Service","Pub/sub messaging and notification service by AWS","['AWS','Cloud Computing','Messaging']","['example.com','contact@gmail.com']"
"SQS","Simple Queue Service","Managed message queuing service by AWS","['AWS','Cloud Computing','Messaging']","['example.com','contact@gmail.com']"
"SES","Simple Email Service","Cloud-based email sending service by AWS","['AWS','Cloud Computing','Messaging']","['example.com','contact@gmail.com']"
"Elastic Beanstalk","AWS Elastic Beanstalk","Platform as a Service for deploying applications","['AWS','Cloud Computing','PaaS']","['example.com','contact@gmail.com']"
"CodeBuild","AWS CodeBuild","Continuous integration build service by AWS","['AWS','Cloud Computing','DevOps']","['example.com','contact@gmail.com']"
"CodeDeploy","AWS CodeDeploy","Automated code deployment service by AWS","['AWS','Cloud Computing','DevOps']","['example.com','contact@gmail.com']"
"CodePipeline","AWS CodePipeline","Continuous delivery service by AWS","['AWS','Cloud Computing','DevOps']","['example.com','contact@gmail.com']"
"CodeCommit","AWS CodeCommit","Managed source control service by AWS","['AWS','Cloud Computing','DevOps']","['example.com','contact@gmail.com']"
"CloudFormation","AWS CloudFormation","Infrastructure as Code service by AWS","['AWS','Cloud Computing','DevOps']","['example.com','contact@gmail.com']"
"OpsWorks","AWS OpsWorks","Configuration management service by AWS","['AWS','Cloud Computing','DevOps']","['example.com','contact@gmail.com']"
"Elasticache","Amazon ElastiCache","Managed Redis and Memcached service by AWS","['AWS','Cloud Computing','Database']","['example.com','contact@gmail.com']"
"DocumentDB","Amazon DocumentDB","Managed MongoDB-compatible database by AWS","['AWS','Cloud Computing','Database']","['example.com','contact@gmail.com']"
"Neptune","Amazon Neptune","Managed graph database service by AWS","['AWS','Cloud Computing','Database']","['example.com','contact@gmail.com']"
"Qldb","Quantum Ledger Database","Managed ledger database service by AWS","['AWS','Cloud Computing','Database']","['example.com','contact@gmail.com']"
"AppSync","AWS AppSync","Managed GraphQL service by AWS","['AWS','Cloud Computing','API']","['example.com','contact@gmail.com']"
"API Gateway","Amazon API Gateway","Managed API gateway service by AWS","['AWS','Cloud Computing','API']","['example.com','contact@gmail.com']"
"Step Functions","AWS Step Functions","Serverless orchestration for workflows","['AWS','Cloud Computing','Serverless']","['example.com','contact@gmail.com']"
"Batch","AWS Batch","Batch computing service by AWS","['AWS','Cloud Computing','Compute']","['example.com','contact@gmail.com']"
"Lightsail","Amazon Lightsail","Simplified cloud hosting by AWS","['AWS','Cloud Computing','Compute']","['example.com','contact@gmail.com']"
"Outposts","AWS Outposts","Hybrid cloud service by AWS","['AWS','Cloud Computing','Hybrid']","['example.com','contact@gmail.com']"
"Snowball","AWS Snowball","Physical data transfer device by AWS","['AWS','Cloud Computing','Migration']","['example.com','contact@gmail.com']"
"Storage Gateway","AWS Storage Gateway","Hybrid cloud storage integration service","['AWS','Cloud Computing','Storage']","['example.com','contact@gmail.com']"
"Backup","AWS Backup","Centralized backup service by AWS","['AWS','Cloud Computing','Storage']","['example.com','contact@gmail.com']"
"Macie","Amazon Macie","Security service for data privacy and protection","['AWS','Cloud Computing','Security']","['example.com','contact@gmail.com']"
"GuardDuty","Amazon GuardDuty","Threat detection service by AWS","['AWS','Cloud Computing','Security']","['example.com','contact@gmail.com']"
"Inspector","Amazon Inspector","Automated security assessment service by AWS","['AWS','Cloud Computing','Security']","['example.com','contact@gmail.com']"
"Security Hub","AWS Security Hub","Centralized security and compliance service","['AWS','Cloud Computing','Security']","['example.com','contact@gmail.com']"
"Shield","AWS Shield","DDoS protection service by AWS","['AWS','Cloud Computing','Security']","['example.com','contact@gmail.com']"
"WAF","Web Application Firewall","Managed web application firewall by AWS","['AWS','Cloud Computing','Security']","['example.com','contact@gmail.com']"
"Trusted Advisor","AWS Trusted Advisor","Best practices and resource optimization service","['AWS','Cloud Computing','Management']","['example.com','contact@gmail.com']"
"Organizations","AWS Organizations","Account management and governance service","['AWS','Cloud Computing','Management']","['example.com','contact@gmail.com']"
"Budgets","AWS Budgets","Cost management and budgeting service by AWS","['AWS','Cloud Computing','Management']","['example.com','contact@gmail.com']"
"Cost Explorer","AWS Cost Explorer","Cost analysis and visualization tool by AWS","['AWS','Cloud Computing','Management']","['example.com','contact@gmail.com']"
"Marketplace","AWS Marketplace","Digital catalog for software solutions on AWS","['AWS','Cloud Computing','Marketplace']","['example.com','contact@gmail.com']"
"Elastic Transcoder","Amazon Elastic Transcoder","Media transcoding service by AWS","['AWS','Cloud Computing','Media']","['example.com','contact@gmail.com']"
"MediaConvert","AWS Elemental MediaConvert","File-based video transcoding service","['AWS','Cloud Computing','Media']","['example.com','contact@gmail.com']"
"MediaLive","AWS Elemental MediaLive","Live video processing service by AWS","['AWS','Cloud Computing','Media']","['example.com','contact@gmail.com']"
"MediaPackage","AWS Elemental MediaPackage","Video origination and packaging service","['AWS','Cloud Computing','Media']","['example.com','contact@gmail.com']"
"MediaStore","AWS Elemental MediaStore","Storage service for media workflows","['AWS','Cloud Computing','Media']","['example.com','contact@gmail.com']"
"MediaTailor","AWS Elemental MediaTailor","Personalized ad insertion for video streams","['AWS','Cloud Computing','Media']","['example.com','contact@gmail.com']"
"Transcribe","Amazon Transcribe","Automatic speech recognition service by AWS","['AWS','Cloud Computing','AI']","['example.com','contact@gmail.com']"
"Polly","Amazon Polly","Text-to-speech service by AWS","['AWS','Cloud Computing','AI']","['example.com','contact@gmail.com']"
"Lex","Amazon Lex","Conversational AI service by AWS","['AWS','Cloud Computing','AI']","['example.com','contact@gmail.com']"
"Rekognition","Amazon Rekognition","Image and video analysis service by AWS","['AWS','Cloud Computing','AI']","['example.com','contact@gmail.com']"
"Comprehend","Amazon Comprehend","Natural language processing service by AWS","['AWS','Cloud Computing','AI']","['example.com','contact@gmail.com']"
"SageMaker","Amazon SageMaker","Machine learning platform by AWS","['AWS','Cloud Computing','AI']","['example.com','contact@gmail.com']"
"Personalize","Amazon Personalize","Personalization and recommendation service by AWS","['AWS','Cloud Computing','AI']","['example.com','contact@gmail.com']"
"Forecast","Amazon Forecast","Time-series forecasting service by AWS","['AWS','Cloud Computing','AI']","['example.com','contact@gmail.com']"
"Textract","Amazon Textract","Document text extraction service by AWS","['AWS','Cloud Computing','AI']","['example.com','contact@gmail.com']"
"Translate","Amazon Translate","Neural machine translation service by AWS","['AWS','Cloud Computing','AI']","['example.com','contact@gmail.com']"
"ElasticSearch","Amazon Elasticsearch Service","Managed Elasticsearch service by AWS","['AWS','Cloud Computing','Search']","['example.com','contact@gmail.com']"
"OpenSearch","Amazon OpenSearch Service","Managed OpenSearch service by AWS","['AWS','Cloud Computing','Search']","['example.com','contact@gmail.com']"
"QuickSight","Amazon QuickSight","Business intelligence service by AWS","['AWS','Cloud Computing','Analytics']","['example.com','contact@gmail.com']"
"Data Pipeline","AWS Data Pipeline","Data workflow orchestration service by AWS","['AWS','Cloud Computing','Analytics']","['example.com','contact@gmail.com']"
"Glue DataBrew","AWS Glue DataBrew","Visual data preparation service by AWS","['AWS','Cloud Computing','Analytics']","['example.com','contact@gmail.com']"
"Lake Formation","AWS Lake Formation","Data lake creation and management service","['AWS','Cloud Computing','Analytics']","['example.com','contact@gmail.com']"
"Athena","Amazon Athena","Serverless interactive query service by AWS","['AWS','Cloud Computing','Analytics']","['example.com','contact@gmail.com']"
"DataSync","AWS DataSync","Automated data transfer service by AWS","['AWS','Cloud Computing','Migration']","['example.com','contact@gmail.com']"
"Migration Hub","AWS Migration Hub","Centralized migration tracking service","['AWS','Cloud Computing','Migration']","['example.com','contact@gmail.com']"
"Database Migration Service","AWS DMS","Database migration service by AWS","['AWS','Cloud Computing','Migration']","['example.com','contact@gmail.com']"
"App Mesh","AWS App Mesh","Service mesh for microservices by AWS","['AWS','Cloud Computing','Networking']","['example.com','contact@gmail.com']"
"Transit Gateway","AWS Transit Gateway","Network transit hub for connecting VPCs","['AWS','Cloud Computing','Networking']","['example.com','contact@gmail.com']"
"Direct Connect","AWS Direct Connect","Dedicated network connection to AWS","['AWS','Cloud Computing','Networking']","['example.com','contact@gmail.com']"
"Global Accelerator","AWS Global Accelerator","Global traffic management service by AWS","['AWS','Cloud Computing','Networking']","['example.com','contact@gmail.com']"
"Elastic IP","Elastic IP Address","Static IPv4 address for AWS resources","['AWS','Cloud Computing','Networking']","['example.com','contact@gmail.com']"
"Lightsail","Amazon Lightsail","Simplified cloud hosting by AWS","['AWS','Cloud Computing','Compute']","['example.com','contact@gmail.com']"
"Azure","Microsoft Azure","Cloud computing platform by Microsoft","['Cloud Computing','Azure']","['example.com','contact@gmail.com']"
"GCP","Google Cloud Platform","Cloud computing services by Google","['Cloud Computing','GCP']","['example.com','contact@gmail.com']"
"OCI","Oracle Cloud Infrastructure","Cloud computing platform by Oracle","['Cloud Computing','Oracle']","['example.com','contact@gmail.com']"
"IBM Cloud","IBM Cloud","Cloud computing platform by IBM","['Cloud Computing','IBM']","['example.com','contact@gmail.com']"
"Alibaba Cloud","Alibaba Cloud","Cloud computing platform by Alibaba","['Cloud Computing','Alibaba']","['example.com','contact@gmail.com']"
"DigitalOcean","DigitalOcean","Cloud infrastructure provider for developers","['Cloud Computing','DigitalOcean']","['example.com','contact@gmail.com']"
"Linode","Linode","Cloud hosting provider for developers","['Cloud Computing','Linode']","['example.com','contact@gmail.com']"
"Heroku","Heroku","Cloud platform for deploying applications","['Cloud Computing','Heroku','PaaS']","['example.com','contact@gmail.com']"
"Vercel","Vercel","Cloud platform for frontend frameworks and static sites","['Cloud Computing','Vercel','PaaS']","['example.com','contact@gmail.com']"
"Netlify","Netlify","Cloud platform for web development and hosting","['Cloud Computing','Netlify','PaaS']","['example.com','contact@gmail.com']"
"Cloudflare","Cloudflare","Cloud platform for security and performance","['Cloud Computing','Cloudflare','Security']","['example.com','contact@gmail.com']"
"Wasabi","Wasabi","Cloud storage provider","['Cloud Computing','Wasabi','Storage']","['example.com','contact@gmail.com']"
"Backblaze","Backblaze B2","Cloud storage provider","['Cloud Computing','Backblaze','Storage']","['example.com','contact@gmail.com']"
"OpenStack","OpenStack","Open source cloud computing platform","['Cloud Computing','OpenStack']","['example.com','contact@gmail.com']"
"VMware Cloud","VMware Cloud","Cloud services by VMware","['Cloud Computing','VMware']","['example.com','contact@gmail.com']"
"Anthos","Google Anthos","Hybrid and multi-cloud platform by Google","['Cloud Computing','GCP']","['example.com','contact@gmail.com']"
"Cloud Run","Google Cloud Run","Serverless container platform by Google","['Cloud Computing','GCP','Serverless']","['example.com','contact@gmail.com']"
"App Engine","Google App Engine","Platform as a Service by Google","['Cloud Computing','GCP','PaaS']","['example.com','contact@gmail.com']"
"BigQuery","Google BigQuery","Serverless data warehouse by Google","['Cloud Computing','GCP','Analytics']","['example.com','contact@gmail.com']"
"Cloud Functions","Google Cloud Functions","Serverless compute service by Google","['Cloud Computing','GCP','Serverless']","['example.com','contact@gmail.com']"
"Firestore","Google Firestore","NoSQL document database by Google","['Cloud Computing','GCP','Database']","['example.com','contact@gmail.com']"
"Cloud SQL","Google Cloud SQL","Managed relational database by Google","['Cloud Computing','GCP','Database']","['example.com','contact@gmail.com']"
"Spanner","Google Cloud Spanner","Globally distributed database by Google","['Cloud Computing','GCP','Database']","['example.com','contact@gmail.com']"
"Pub/Sub","Google Cloud Pub/Sub","Messaging and event ingestion service by Google","['Cloud Computing','GCP','Messaging']","['example.com','contact@gmail.com']"
"Dataflow","Google Dataflow","Stream and batch data processing by Google","['Cloud Computing','GCP','Big Data']","['example.com','contact@gmail.com']"
"Dataproc","Google Dataproc","Managed Spark and Hadoop service by Google","['Cloud Computing','GCP','Big Data']","['example.com','contact@gmail.com']"
"Composer","Google Composer","Managed Apache Airflow service by Google","['Cloud Computing','GCP','Big Data']","['example.com','contact@gmail.com']"
"Vertex AI","Google Vertex AI","Machine learning platform by Google","['Cloud Computing','GCP','AI']","['example.com','contact@gmail.com']"
"Azure VM","Azure Virtual Machines","Scalable compute resources in Azure","['Cloud Computing','Azure','Compute']","['example.com','contact@gmail.com']"
"Blob Storage","Azure Blob Storage","Object storage service by Azure","['Cloud Computing','Azure','Storage']","['example.com','contact@gmail.com']"
"Cosmos DB","Azure Cosmos DB","Globally distributed NoSQL database by Azure","['Cloud Computing','Azure','Database']","['example.com','contact@gmail.com']"
"SQL Database","Azure SQL Database","Managed relational database by Azure","['Cloud Computing','Azure','Database']","['example.com','contact@gmail.com']"
"Functions","Azure Functions","Serverless compute service by Azure","['Cloud Computing','Azure','Serverless']","['example.com','contact@gmail.com']"
"App Service","Azure App Service","Platform as a Service for web apps by Azure","['Cloud Computing','Azure','PaaS']","['example.com','contact@gmail.com']"
"AKS","Azure Kubernetes Service","Managed Kubernetes service by Azure","['Cloud Computing','Azure','Containers']","['example.com','contact@gmail.com']"
"Container Instances","Azure Container Instances","Serverless containers by Azure","['Cloud Computing','Azure','Containers']","['example.com','contact@gmail.com']"
"Event Grid","Azure Event Grid","Event routing service by Azure","['Cloud Computing','Azure','Messaging']","['example.com','contact@gmail.com']"
"Event Hubs","Azure Event Hubs","Big data streaming platform by Azure","['Cloud Computing','Azure','Big Data']","['example.com','contact@gmail.com']"
"Logic Apps","Azure Logic Apps","Workflow automation service by Azure","['Cloud Computing','Azure','Integration']","['example.com','contact@gmail.com']"
"Synapse","Azure Synapse Analytics","Analytics service for big data and data warehousing","['Cloud Computing','Azure','Analytics']","['example.com','contact@gmail.com']"
"Data Lake","Azure Data Lake","Scalable data lake service by Azure","['Cloud Computing','Azure','Analytics']","['example.com','contact@gmail.com']"
"Monitor","Azure Monitor","Monitoring and observability service by Azure","['Cloud Computing','Azure','Monitoring']","['example.com','contact@gmail.com']"
"Security Center","Azure Security Center","Unified security management by Azure","['Cloud Computing','Azure','Security']","['example.com','contact@gmail.com']"
"Key Vault","Azure Key Vault","Cloud key management service by Azure","['Cloud Computing','Azure','Security']","['example.com','contact@gmail.com']"
"DevOps","Azure DevOps","DevOps services for Azure","['Cloud Computing','Azure','DevOps']","['example.com','contact@gmail.com']"
"Resource Manager","Azure Resource Manager","Deployment and management service by Azure","['Cloud Computing','Azure','Management']","['example.com','contact@gmail.com']"
"Arc","Azure Arc","Hybrid and multi-cloud management by Azure","['Cloud Computing','Azure','Hybrid']","['example.com','contact@gmail.com']"
"ExpressRoute","Azure ExpressRoute","Private network connectivity to Azure","['Cloud Computing','Azure','Networking']","['example.com','contact@gmail.com']"
"Front Door","Azure Front Door","Global HTTP load balancer and CDN by Azure","['Cloud Computing','Azure','Networking']","['example.com','contact@gmail.com']"
"Application Gateway","Azure Application Gateway","Web traffic load balancer by Azure","['Cloud Computing','Azure','Networking']","['example.com','contact@gmail.com']"
"Load Balancer","Azure Load Balancer","Layer 4 load balancer by Azure","['Cloud Computing','Azure','Networking']","['example.com','contact@gmail.com']"
"DNS","Azure DNS","Domain Name System hosting by Azure","['Cloud Computing','Azure','Networking']","['example.com','contact@gmail.com']"
"Firewall","Azure Firewall","Managed, cloud-based network security service","['Cloud Computing','Azure','Security']","['example.com','contact@gmail.com']"
"Sentinel","Azure Sentinel","Cloud-native SIEM by Azure","['Cloud Computing','Azure','Security']","['example.com','contact@gmail.com']"
"Bastion","Azure Bastion","Secure RDP and SSH access to VMs","['Cloud Computing','Azure','Security']","['example.com','contact@gmail.com']"
"Backup","Azure Backup","Cloud-based backup service by Azure","['Cloud Computing','Azure','Storage']","['example.com','contact@gmail.com']"
"Site Recovery","Azure Site Recovery","Disaster recovery as a service by Azure","['Cloud Computing','Azure','Recovery']","['example.com','contact@gmail.com']"
"Automation","Azure Automation","Process automation service by Azure","['Cloud Computing','Azure','Automation']","['example.com','contact@gmail.com']"
"Logic Apps","Azure Logic Apps","Workflow automation service by Azure","['Cloud Computing','Azure','Integration']","['example.com','contact@gmail.com']"
"Data Factory","Azure Data Factory","Cloud-based data integration service by Azure","['Cloud Computing','Azure','Integration']","['example.com','contact@gmail.com']"
"HDInsight","Azure HDInsight","Managed Hadoop and Spark service by Azure","['Cloud Computing','Azure','Big Data']","['example.com','contact@gmail.com']"
"ML Studio","Azure Machine Learning Studio","Machine learning platform by Azure","['Cloud Computing','Azure','AI']","['example.com','contact@gmail.com']"
"Bot Service","Azure Bot Service","Platform for building bots by Azure","['Cloud Computing','Azure','AI']","['example.com','contact@gmail.com']"
"Form Recognizer","Azure Form Recognizer","AI-powered document extraction by Azure","['Cloud Computing','Azure','AI']","['example.com','contact@gmail.com']"
"Speech","Azure Speech Services","Speech recognition and synthesis by Azure","['Cloud Computing','Azure','AI']","['example.com','contact@gmail.com']"
"Text Analytics","Azure Text Analytics","Natural language processing by Azure","['Cloud Computing','Azure','AI']","['example.com','contact@gmail.com']"
"Vision","Azure Computer Vision","Image analysis service by Azure","['Cloud Computing','Azure','AI']","['example.com','contact@gmail.com']"
